{
    "app": {
        "pages": [
            "subpages-home/pages/index",
            "subpages-home/pages/native-tab-index",
            "subpages-home/pages/move-index",
            "pages/bootstrap/index",
            "pages/freight-webview/index",
            "pages/webview-page/index",
            "pages/index/index",
            "pages/marketing/index",
            "subpages-env/pages/change-sim-env",
            "subpackages/after-publish/pages/modify-destination",
            "subpages/pages/driver-bargin-list",
            "subpages/pages/preview-image",
            "subpages/pages/modify-order",
            "subpages/pages/goods-info",
            "subpages/pages/freight-pay/index",
            "subpages/pages/freight-wait/index",
            "freight-less-than-carload/pages/confirm-order/index",
            "freight-less-than-carload/pages/publish-success/index"
        ],
        "window": {
            "defaultTitle": "滴滴送货",
            "titleBarColor": "#FFFFFF",
            "enableInPageRenderInput": "YES",
            "showTitleLoading": "YES"
        },
        "idleDownloadRule": {
            "__APP__": {
                "packages": [
                    "freight-life",
                    "subpages-confirm-order",
                    "subpages-user",
                    "freight-address",
                    "subpages-route",
                    "move_subpackage",
                    "freight-estimate",
                    "freight-express",
                    "freight-other"
                ],
                "network": "all"
            }
        },
        "permission": {
            "scope.userLocation": {
                "desc": "您的位置信息将用于小程序位置接口的效果展示"
            }
        },
        "useDynamicPlugins": true,
        "subPackages": [
            {
                "root": "subpages-user",
                "pages": [
                    "pages/freight-history/index-wrapper",
                    "pages/freight-collection-driver/index",
                    "pages/freight-personal/index-wrapper",
                    "pages/freight-personal/info-manage-center",
                    "pages/freight-consignor-code/index-wrapper",
                    "pages/freight-consignor-code-explain/index",
                    "pages/freight-service/index"
                ]
            },
            {
                "root": "subpages-confirm-order",
                "pages": [
                    "pages/index",
                    "pages/freight-service-notice/index",
                    "pages/freight-transport/index"
                ]
            },
            {
                "root": "subpages-route",
                "pages": [
                    "pages/freight-route/index",
                    "pages/address-suggest/index",
                    "pages/freight-suggest-new/index",
                    "pages/address-book/index",
                    "pages/address-editor/index"
                ]
            },
            {
                "root": "move_subpackage",
                "pages": [
                    "pages/move-confirm-order/index",
                    "pages/move-service/index",
                    "pages/suggest/pages/address",
                    "pages/suggest/pages/suggest",
                    "pages/order/pages/wait",
                    "pages/order/pages/modifyOrder",
                    "index/pages/index"
                ]
            },
            {
                "root": "login",
                "pages": [
                    "pages/login/login-wechat",
                    "pages/login/login-phone",
                    "pages/login/set-password",
                    "pages/login/captcha",
                    "pages/login/protocol",
                    "pages/login/region",
                    "pages/login/logout-reminder",
                    "pages/login/reset-password",
                    "pages/login/setcell-choices",
                    "pages/login/pwd-login",
                    "pages/login/sms-login",
                    "pages/login/login-verify",
                    "pages/login/old-phone",
                    "pages/login/phone-prompt"
                ]
            },
            {
                "root": "transfer",
                "pages": [
                    "pages/index/index"
                ]
            },
            {
                "root": "cashier-page",
                "pages": [
                    "pages/index",
                    "pages/pre-pay",
                    "pages/order-middle"
                ]
            },
            {
                "root": "cashier-ui",
                "pages": [
                    "pages/cashier-webview/index"
                ]
            },
            {
                "root": "safety-center",
                "pages": [
                    "pages/report_page/index",
                    "pages/column_page/index",
                    "pages/index_page/index",
                    "pages/tool_page/index",
                    "pages/contact_page/index"
                ]
            },
            {
                "root": "webx",
                "pages": [
                    "transfer-station/index",
                    "webview/independent/index",
                    "webview/normal-delta/index",
                    "webview/normal-echo/index",
                    "webview/normal-foxtrot/index",
                    "webview/supreme-bravo/index",
                    "webview/supreme-alfa/index",
                    "entry/wyc",
                    "entry/block-prevention",
                    "entry/ut",
                    "entry/game",
                    "entry/others"
                ]
            },
            {
                "root": "webx-mp-next",
                "pages": [
                    "transfer-station/index",
                    "webview/normal-delta/index",
                    "webview/independent/index",
                    "webview/normal-echo/index",
                    "webview/normal-foxtrot/index",
                    "webview/supreme-bravo/index",
                    "webview/supreme-alfa/index"
                ]
            },
            {
                "root": "freight-life",
                "pages": [
                    "pages/index",
                    "pages/all-round-guide/index",
                    "pages/line-up-guide/index",
                    "pages/life-estimate/index"
                ]
            },
            {
                "root": "freight-estimate",
                "pages": [
                    "pages/express",
                    "pages/remark-service",
                    "pages/index-v2",
                    "pages/goods-info",
                    "pages/extra-service",
                    "pages/index-v4",
                    "pages/express-pet"
                ]
            },
            {
                "root": "freight-express",
                "pages": [
                    "pages/index"
                ]
            },
            {
                "root": "freight-express-pet",
                "pages": [
                    "pages/index"
                ]
            },
            {
                "root": "freight-other",
                "pages": [
                    "pages/index"
                ]
            },
            {
                "root": "freight-address",
                "pages": [
                    "pages/address-suggest/index",
                    "pages/build-address-v2/index",
                    "pages/address-book/index",
                    "pages/address-book-form/index",
                    "pages/address-drag/index",
                    "pages/history-address/index",
                    "pages/city-selector/index",
                    "pages/address-error-report/index",
                    "pages/freight-consignor-code-create/index"
                ]
            },
            {
                "root": "mfe-fizzy",
                "pages": [
                    "pages/main/webview"
                ]
            }
        ]
    },
    "modules": {
        "subpages-home/pages/index": {
            "navigationBarTitleText": "滴滴送货",
            "backgroundColor": "#F3F4F5",
            "navigationStyle": "custom",
            "initialRenderingCache": "static",
            "usingComponents": {
                "custom-tab-bar": "/components/custom-tab-bar8132322e/index",
                "home-page": "/components/index71d85e62/index",
                "my-center": "/components/index74602649/index",
                "order-list": "/components/index-new8066dbdc/index",
                "home-page-skeleton": "/components/home-skeleton2e495ea3/index",
                "express-skeleton": "/components/express-skeleton0a0b2b50/index"
            },
            "componentPlaceholder": {}
        },
        "subpages-home/pages/native-tab-index": {
            "navigationBarTitleText": "滴滴送货",
            "backgroundColor": "#F3F4F5",
            "navigationStyle": "custom",
            "usingComponents": {
                "freight-home": "/components/freight-home4a3bef7a/index",
                "home-page-skeleton": "/components/home-skeleton2e495ea3/index"
            }
        },
        "subpages-home/pages/move-index": {
            "usingComponents": {
                "bootstrap-loading": "/components/bootstrap-loading6e7acdaa/index"
            },
            "navigationBarBackgroundColor": "#fff",
            "navigationBarTitleText": "滴滴送货",
            "navigationBarTextStyle": "black",
            "backgroundColor": "#F3F4F5",
            "navigationStyle": "custom",
            "disableScroll": true
        },
        "pages/bootstrap/index": {
            "usingComponents": {
                "bootstrap-loading": "/components/bootstrap-loading6e7acdaa/index"
            },
            "componentPlaceholder": {},
            "navigationBarBackgroundColor": "#fff",
            "navigationBarTitleText": "滴滴送货",
            "navigationBarTextStyle": "black",
            "backgroundColor": "#F3F4F5",
            "navigationStyle": "custom",
            "disableScroll": true
        },
        "pages/freight-webview/index": {
            "usingComponents": {},
            "navigationBarTitleText": "",
            "backgroundColor": "#F3F4F5"
        },
        "pages/webview-page/index": {
            "usingComponents": {},
            "navigationBarTitleText": "",
            "backgroundColor": "#F3F4F5"
        },
        "pages/index/index": {
            "usingComponents": {
                "bootstrap-loading": "/components/bootstrap-loading6e7acdaa/index",
                "webview-component": "/components/index5b4a1e8e/index"
            },
            "navigationBarBackgroundColor": "#fff",
            "navigationBarTitleText": "滴滴送货",
            "navigationBarTextStyle": "black",
            "backgroundColor": "#F3F4F5",
            "navigationStyle": "custom",
            "disableScroll": true
        },
        "pages/marketing/index": {
            "usingComponents": {
                "bootstrap-loading": "/components/bootstrap-loading6e7acdaa/index",
                "webview-component": "/components/index5b4a1e8e/index"
            },
            "componentPlaceholder": {},
            "navigationBarBackgroundColor": "#fff",
            "navigationBarTitleText": "滴滴送货",
            "navigationBarTextStyle": "black",
            "backgroundColor": "#F3F4F5",
            "disableScroll": true
        },
        "subpages-env/pages/change-sim-env": {
            "navigationBarTitleText": "调试配置",
            "usingComponents": {}
        },
        "subpackages/after-publish/pages/modify-destination": {
            "navigationBarTitleText": "修改地址",
            "backgroundColor": "#f4f5f6",
            "usingComponents": {
                "cashier": "/freight/src/components/pay8c5445c4/index",
                "custom-modal": "/components/custom-modal0b8d9708/index",
                "ruleInfo": "/components/rule-infoba7531ae/index",
                "confirmModal": "/components/confirm-modal6c46bdaa/index",
                "locationList": "/components/location-list06367900/index",
                "custom-navigator": "/components/indexfa4b90c6/index"
            },
            "componentPlaceholder": {}
        },
        "subpages/pages/driver-bargin-list": {
            "renderer": "skyline",
            "componentFramework": "glass-easel",
            "navigationStyle": "custom",
            "navigationBarTitleText": "出价司机",
            "backgroundColor": "#f4f5f6",
            "usingComponents": {
                "cashier": "/freight/src/components/pay8c5445c4/index",
                "driver-card": "/components/driver-card9866d748/index",
                "confirm-driver-price": "/components/confirm-driver-price681107d0/index",
                "custom-navigator": "/components/indexfa4b90c6/index",
                "counter-offer-popup": "/components/index7afda8f4/index",
                "success-tips": "/components/success-tips4560b3f9/index"
            },
            "componentPlaceholder": {}
        },
        "subpages/pages/preview-image": {
            "navigationBarTitleText": "取货地址门头照",
            "backgroundColor": "#f4f5f6",
            "usingComponents": {
                "upload-modal": "/freight-async-component/components/upload-modal11990555/index",
                "custom-navigator": "/freight-async-component/components/custom-navigator94151cf8/index"
            },
            "componentPlaceholder": {}
        },
        "subpages/pages/modify-order": {
            "usingComponents": {
                "order-remark": "/components/order-remark8985cdfa/index",
                "upload-photo": "/freight-async-component/components/index027a53ac/index",
                "upload-guide-popup": "/freight-async-component/components/upload-guide-popupdc7f76dc/index",
                "edit-contact": "/freight-async-component/components/edit-contact99998994/index",
                "custom-modal": "/components/custom-modal0b8d9708/index",
                "custom-navigator": "/freight-async-component/components/custom-navigator94151cf8/index"
            },
            "componentPlaceholder": {},
            "navigationStyle": "custom",
            "backgroundColor": "#F3F4F5",
            "defaultTitle": "修改订单"
        },
        "subpages/pages/goods-info": {
            "navigationBarTitleText": "货物信息",
            "backgroundColor": "#FFFFFF",
            "usingComponents": {
                "goods-info-module": "/freight/src/components/index52c8d2ec/index",
                "custom-navigator": "/freight/src/components/custom-navigator94151cf8/index"
            },
            "componentPlaceholder": {}
        },
        "subpages/pages/freight-pay/index": {
            "usingComponents": {
                "order-finish": "/components/order-finishb58eb512/index",
                "result-loading": "/components/result-loading598f2e78/index",
                "without-login": "/components/without-logine39f1a1c/index",
                "load-fail": "/components/load-fail013f43df/index"
            },
            "componentPlaceholder": {},
            "navigationBarTitleText": "",
            "backgroundColor": "#F3F4F5",
            "navigationStyle": "custom",
            "renderer": "skyline",
            "componentFramework": "glass-easel"
        },
        "subpages/pages/freight-wait/index": {
            "usingComponents": {
                "order-process": "/components/order-processdb15e1d8/index",
                "order-wait": "/components/order-wait06d527c4/index",
                "wait-loading": "/components/wait-loading6fc6dbc4/index",
                "without-login": "/components/without-logine39f1a1c/index"
            },
            "componentPlaceholder": {},
            "navigationBarTitleText": "",
            "backgroundColor": "#F3F4F5",
            "navigationStyle": "custom",
            "renderer": "skyline",
            "componentFramework": "glass-easel"
        },
        "freight-less-than-carload/pages/confirm-order/index": {
            "navigationBarTitleText": "确认订单",
            "backgroundColor": "#FFFFFF",
            "navigationStyle": "custom",
            "usingComponents": {
                "confirm-order": "/components/confirm-order65705851/index"
            }
        },
        "freight-less-than-carload/pages/publish-success/index": {
            "usingComponents": {},
            "navigationBarTitleText": ""
        },
        "subpages-user/pages/freight-history/index-wrapper": {
            "navigationBarTitleText": "滴滴送货",
            "backgroundColor": "#F3F4F5",
            "navigationStyle": "custom",
            "usingComponents": {
                "order-list": "/components/index-new8066dbdc/index"
            },
            "root": "sub_subpages-user"
        },
        "subpages-user/pages/freight-collection-driver/index": {
            "usingComponents": {
                "collection-driver-empty": "/subpages-user/components/collection-driver-empty465879a6/index",
                "location-popup": "/subpages-user/components/location-popup3947f20b/index",
                "notice": "/subpages-user/components/notice6031184e/index",
                "card": "/subpages-user/components/card477e7f88/index"
            },
            "root": "sub_subpages-user"
        },
        "subpages-user/pages/freight-personal/index-wrapper": {
            "navigationBarTitleText": "滴滴送货",
            "backgroundColor": "#F3F4F5",
            "navigationStyle": "custom",
            "usingComponents": {
                "my-center": "/components/index74602649/index"
            },
            "componentPlaceholder": {},
            "root": "sub_subpages-user"
        },
        "subpages-user/pages/freight-personal/info-manage-center": {
            "usingComponents": {
                "car-preference-popup": "/components/car-preference-popupafe4f132/index",
                "custom-navigator-common": "/components/indexfa4b90c6/index"
            },
            "componentPlaceholder": {},
            "navigationBarTitleText": "信息管理中心",
            "navigationStyle": "custom",
            "backgroundColor": "#F3F4F5",
            "root": "sub_subpages-user"
        },
        "subpages-user/pages/freight-consignor-code/index-wrapper": {
            "usingComponents": {
                "consignor-code": "/subpages-user/components/indexb987397e/index"
            },
            "navigationBarTitleText": "我的发货码",
            "navigationBarTextStyle": "black",
            "backgroundColor": "#F3F4F5",
            "root": "sub_subpages-user"
        },
        "subpages-user/pages/freight-consignor-code-explain/index": {
            "usingComponents": {
                "consignor-code-explain": "/subpages-user/components/index-wrapper2111ae9e/index"
            },
            "navigationBarTitleText": "发货码",
            "navigationBarTextStyle": "black",
            "backgroundColor": "#F3F4F5",
            "root": "sub_subpages-user"
        },
        "subpages-user/pages/freight-service/index": {
            "usingComponents": {
                "pay-sign": "/freight/src/components/pay-sign7152278c/index"
            },
            "componentPlaceholder": {},
            "navigationBarTitleText": "支付设置",
            "navigationBarTextStyle": "black",
            "backgroundColor": "#F3F4F5",
            "root": "sub_subpages-user"
        },
        "subpages-confirm-order/pages/index": {
            "usingComponents": {
                "rush-hour-tip": "/subpages-confirm-order/components/rush-hour-tip57bf050a/index",
                "carlist": "/subpages-confirm-order/components/carlist6752f5c8/index",
                "location": "/subpages-confirm-order/components/locationc3c4f166/index",
                "service": "/subpages-confirm-order/components/service796ebc8b/index",
                "service-common": "/subpages-confirm-order/components/service-commondc2b104a/index",
                "estimate": "/subpages-confirm-order/components/estimate20881b40/index",
                "cargo-dialog": "/components/cargo-dialog2d8b690e/index",
                "car-detail": "/components/car-detail04c5236b/index",
                "carpool-popup": "/subpages-confirm-order/components/carpool-popupcc9545a2/index",
                "route-edit-popup": "/subpages-confirm-order/components/route-edit-popup4ede630a/index",
                "passenger-popup": "/subpages-confirm-order/components/passenger-popup437dc519/index",
                "category-popup": "/subpages-confirm-order/components/category-popup1786322b/index",
                "service-remark-popup": "/subpages-confirm-order/components/service-remark-popup5ef80d05/index",
                "newyear-fee-popup": "/subpages-confirm-order/components/newyear-fee-popup4822e256/index",
                "paytype-popup": "/subpages-confirm-order/components/paytype-popup154896be/index",
                "receipt-popup": "/subpages-confirm-order/components/receipt-popup0d59f112/index",
                "guide-move-popup": "/subpages-confirm-order/components/guide-move-popup6e54ea6f/index",
                "cargo-pay-tip": "/subpages-confirm-order/components/cargo-pay-tipb2f74e9c/index",
                "time-picker": "/freight-async-component/components/time-picker7f94a302/index",
                "custom-navigator": "/subpages-confirm-order/components/custom-navigator24139ada/index",
                "lcl-popup": "/subpages-confirm-order/components/lcl-popup44c02958/index",
                "policy-dialog": "/freight-async-component/components/dialog908e15be/index",
                "user-interaction": "/components/user-interaction11a0e00c/index",
                "free-price-popup": "/freight-async-component/components/free-price-popup0b415320/index",
                "safe-delivery-popup": "/freight-async-component/components/safe-delivery-popup39c9c84d/index",
                "pay-sign": "/freight/src/components/pay-sign7152278c/index"
            },
            "componentPlaceholder": {},
            "navigationBarTitleText": "确认订单",
            "navigationBarTextStyle": "white",
            "disableScroll": true,
            "navigationStyle": "custom",
            "root": "sub_subpages-confirm-order"
        },
        "subpages-confirm-order/pages/freight-service-notice/index": {
            "usingComponents": {
                "tags-new": "/subpages-confirm-order/components/tags-new142d5ee6/index",
                "privacy-notice": "/subpages-confirm-order/components/privacy-notice-new6b31c691/index",
                "car-dialog": "/components/cargo-dialog2d8b690e/index",
                "car-detail": "/components/car-detail04c5236b/index",
                "cargo-specifications": "/subpages-confirm-order/components/cargo-specifications0497e596/index",
                "change-car-confirm": "/subpages-confirm-order/components/change-car-confirm240161bf/index",
                "upload-guide-popup": "/freight-async-component/components/upload-guide-popupdc7f76dc/index"
            },
            "componentPlaceholder": {},
            "navigationBarTitleText": "用车备注",
            "backgroundColor": "#F3F4F5",
            "root": "sub_subpages-confirm-order"
        },
        "subpages-confirm-order/pages/freight-transport/index": {
            "usingComponents": {
                "package-items": "/subpages-confirm-order/components/package-items02401988/index",
                "di-number-input": "/subpages-confirm-order/components/di-number-input2b2632d1/index",
                "trans-floor": "/subpages-confirm-order/components/trans-floor2b0da46a/index",
                "benefit-card": "/subpages-confirm-order/components/benefit-card16689107/index"
            },
            "root": "sub_subpages-confirm-order"
        },
        "subpages-route/pages/freight-route/index": {
            "usingComponents": {
                "location": "/subpages-route/components/location46d706c8/index",
                "route-edit-popup": "/subpages-route/components/route-edit-popupabae69c6/index"
            },
            "navigationBarTitleText": "常用路线",
            "navigationBarTextStyle": "black",
            "backgroundColor": "#F3F4F5",
            "navigationBarBackgroundColor": "#ffffff",
            "disableScroll": true,
            "root": "sub_subpages-route"
        },
        "subpages-route/pages/address-suggest/index": {
            "usingComponents": {
                "address-map": "/subpages-route/components/map.wx77172fb2/index",
                "selector": "/subpages-route/components/selector56d2f098/index",
                "suggest-list": "/subpages-route/components/suggest-list729843c8/index",
                "city-list": "/subpages-route/components/city-list17712a8e/index",
                "confirm-address": "/subpages-route/components/confirm-address7d42e911/index",
                "xinghe-cover-view": "/components/index479de202/index"
            },
            "navigationBarTitleText": "选择地址",
            "backgroundColor": "#F3F4F5",
            "disableScroll": true,
            "root": "sub_subpages-route"
        },
        "subpages-route/pages/freight-suggest-new/index": {
            "usingComponents": {
                "address-map": "/subpages-route/components/map.wx77172fb2/index",
                "selector": "/subpages-route/components/selector56d2f098/index",
                "address-function": "/subpages-route/components/address-functionf4edeb34/index",
                "suggest-list": "/subpages-route/components/suggest-list729843c8/index",
                "city-list": "/subpages-route/components/city-list17712a8e/index",
                "address-confirm": "/subpages-route/components/address-confirm6e73239a/index",
                "precise-address": "/subpages-route/components/precise-addressc55f592a/index",
                "freight-target": "/subpages-route/components/select-target5f27f0eb/index",
                "modal": "/subpages-route/components/index621b2ae5/index",
                "xinghe-cover-view": "/components/index479de202/index",
                "notice": "/subpages-route/components/notice6031184e/index"
            },
            "componentPlaceholder": {},
            "navigationBarTitleText": "选择地址",
            "backgroundColor": "#F3F4F5",
            "disableScroll": true,
            "root": "sub_subpages-route"
        },
        "subpages-route/pages/address-book/index": {
            "usingComponents": {
                "address-book-bar": "/subpages-route/components/index7b316749/index",
                "address-book-card": "/subpages-route/components/index1fa80f2e/index",
                "member-change-notice-popup": "/freight/src/components/member-change-notice-popup3b9fbfc8/index"
            },
            "componentPlaceholder": {},
            "navigationBarTitleText": "地址簿",
            "backgroundColor": "#F3F4F5",
            "root": "sub_subpages-route"
        },
        "subpages-route/pages/address-editor/index": {
            "usingComponents": {
                "choose-contact": "/subpages-route/components/choose-contact77c83f2a/index",
                "interactive-input": "/subpages-route/components/interactive-input24034ae8/index"
            },
            "navigationBarTitleText": "编辑地址",
            "backgroundColor": "#F3F4F5",
            "disableScroll": true,
            "root": "sub_subpages-route"
        },
        "move_subpackage/pages/move-confirm-order/index": {
            "usingComponents": {
                "custom-navigator": "/move_subpackage/components/custom-navigator776e69de/index",
                "location": "/move_subpackage/components/locationeda8d80c/index",
                "service-list-wrap": "/move_subpackage/components/index50fae4c7/index",
                "more-service": "/move_subpackage/components/indexed608b40/index",
                "packages-popup": "/move_subpackage/components/packages-popup47ba6e11/index",
                "time-picker-popup": "/components/time-picker-popupa0df99bc/index",
                "passenger-popup": "/move_subpackage/components/passenger-popup55975707/index",
                "invoice-popup": "/move_subpackage/components/invoice-popupb8d9c0cc/index",
                "pay-mode-popup": "/move_subpackage/components/pay-mode-popup10fbf4a7/index",
                "work-time-popup": "/move_subpackage/components/work-time-popup1e439402/index",
                "phone-popup": "/components/phone-popupfb76b8fc/index",
                "insurance-notice": "/move_subpackage/components/insurance-notice008c03bc/index",
                "footer-bar": "/move_subpackage/components/footer-barfe9bb250/index",
                "select-authorization-provider": "/move_subpackage/components/select-authorization-provider714929cd/index",
                "cancel-order": "/move_subpackage/components/indexf7095258/index",
                "hy-dialog": "/freight-async-component/components/dialog908e15be/index"
            },
            "componentPlaceholder": {},
            "navigationBarTitleText": "确认订单",
            "backgroundColor": "#F3F4F5",
            "navigationStyle": "custom",
            "navigationBarTextStyle": "white",
            "disableScroll": true,
            "root": "sub_move_subpackage"
        },
        "move_subpackage/pages/move-service/index": {
            "navigationBarTitleText": "备注与服务",
            "usingComponents": {
                "move-service": "/move_subpackage/components/main19fd3638/index"
            },
            "root": "sub_move_subpackage"
        },
        "move_subpackage/pages/suggest/pages/address": {
            "navigationBarTextStyle": "black",
            "backgroudColor": "#f5f5f5",
            "usingComponents": {
                "select-floor": "/components/select-floor071f8814/index"
            },
            "root": "sub_move_subpackage"
        },
        "move_subpackage/pages/suggest/pages/suggest": {
            "navigationBarTextStyle": "black",
            "navigationBarTitleText": "选择地址",
            "backgroudColor": "#ffffff",
            "usingComponents": {
                "selector": "/move_subpackage/components/selector1ace0e4a/index",
                "suggest-list": "/move_subpackage/components/suggest-listfc0bac9c/index",
                "city-list": "/move_subpackage/components/city-list7500b6e3/index"
            },
            "root": "sub_move_subpackage"
        },
        "move_subpackage/pages/order/pages/wait": {
            "navigationBarTitleText": "待服务",
            "navigationBarTextStyle": "black",
            "usingComponents": {
                "order-detail": "/move_subpackage/components/order-detail7ff7b0fa/index",
                "button-bottom": "/move_subpackage/components/index1af0f7e6/index",
                "order-process": "/move_subpackage/components/index1fb2e957/index",
                "wait-loading": "/move_subpackage/components/wait-loadingcf22e4be/index",
                "xinghe-cover-view": "/move_subpackage/components/index3ab770a4/index",
                "order-process-bar": "/move_subpackage/components/index18100c1d/index",
                "pre-pay": "/move_subpackage/components/pay4ed07c59/index",
                "safe-shield": "/components/safeGuardf5160e96/index",
                "safe-shield-placeholder": "/components/index0f4b7198/index",
                "access-popup": "/move_subpackage/components/access-popup671ab266/index",
                "cancel-order": "/move_subpackage/components/indexf7095258/index"
            },
            "componentPlaceholder": {},
            "root": "sub_move_subpackage"
        },
        "move_subpackage/pages/order/pages/modifyOrder": {
            "navigationBarTitleText": "修改订单信息",
            "navigationBarTextStyle": "black",
            "usingComponents": {
                "packages-popup": "/move_subpackage/components/packages-popup47ba6e11/index",
                "time-picker-popup": "/components/time-picker-popupa0df99bc/index",
                "phone-popup": "/components/phone-popupfb76b8fc/index",
                "remark-popup": "/move_subpackage/components/remark-popup40b588bf/index",
                "moveWrap": "/components/move-wrap3fa76884/index"
            },
            "componentPlaceholder": {},
            "root": "sub_move_subpackage"
        },
        "move_subpackage/index/pages/index": {
            "usingComponents": {},
            "root": "sub_move_subpackage"
        },
        "login/pages/login/login-wechat": {
            "usingComponents": {
                "confirm-account": "/login/components/confirm-account4acb9a3d/index",
                "protocol-check": "/login/components/protocol-check1e67a878/index",
                "privacy-agree": "/login/components/privacy-agreefd61e778/index",
                "dialog": "/login/components/dialog8a79ca0e/index"
            },
            "root": "sub_login"
        },
        "login/pages/login/login-phone": {
            "usingComponents": {
                "warning-card": "/login/components/warning-card12f23f5c/index",
                "fancy-input": "/login/components/fancy-input1781ade3/index",
                "cbutton": "/login/components/color-button17e7d90d/index",
                "protocol-check": "/login/components/protocol-check1e67a878/index",
                "dialog": "/login/components/dialog8a79ca0e/index"
            },
            "root": "sub_login"
        },
        "login/pages/login/set-password": {
            "usingComponents": {
                "confirm-account": "/login/components/confirm-account4acb9a3d/index",
                "warning-card": "/login/components/warning-card12f23f5c/index",
                "fancy-input": "/login/components/fancy-input1781ade3/index",
                "cbutton": "/login/components/color-button17e7d90d/index"
            },
            "root": "sub_login"
        },
        "login/pages/login/captcha": {
            "usingComponents": {
                "warning-card": "/login/components/warning-card12f23f5c/index",
                "code-input": "/login/components/code-inputb73d28ca/index",
                "fancy-input": "/login/components/fancy-input1781ade3/index"
            },
            "root": "sub_login"
        },
        "login/pages/login/protocol": {
            "usingComponents": {},
            "root": "sub_login"
        },
        "login/pages/login/region": {
            "usingComponents": {
                "mpx-icon": "/components/icon66431725/index"
            },
            "root": "sub_login"
        },
        "login/pages/login/logout-reminder": {
            "usingComponents": {},
            "root": "sub_login"
        },
        "login/pages/login/reset-password": {
            "usingComponents": {
                "warning-card": "/login/components/warning-card12f23f5c/index",
                "fancy-input": "/login/components/fancy-input1781ade3/index",
                "mpx-icon": "/components/icon66431725/index",
                "cbutton": "/login/components/color-button17e7d90d/index"
            },
            "root": "sub_login"
        },
        "login/pages/login/setcell-choices": {
            "usingComponents": {
                "dialog": "/login/components/dialog8a79ca0e/index"
            },
            "root": "sub_login"
        },
        "login/pages/login/pwd-login": {
            "usingComponents": {
                "confirm-account": "/login/components/confirm-account4acb9a3d/index",
                "warning-card": "/login/components/warning-card12f23f5c/index",
                "fancy-input": "/login/components/fancy-input1781ade3/index",
                "mpx-icon": "/components/icon66431725/index",
                "cbutton": "/login/components/color-button17e7d90d/index"
            },
            "root": "sub_login"
        },
        "login/pages/login/sms-login": {
            "usingComponents": {
                "confirm-account": "/login/components/confirm-account4acb9a3d/index",
                "warning-card": "/login/components/warning-card12f23f5c/index",
                "code-input": "/login/components/code-inputb73d28ca/index",
                "fancy-input": "/login/components/fancy-input1781ade3/index",
                "mpx-icon": "/components/icon66431725/index",
                "dialog": "/login/components/dialog8a79ca0e/index"
            },
            "root": "sub_login"
        },
        "login/pages/login/login-verify": {
            "usingComponents": {
                "cbutton": "/login/components/color-button17e7d90d/index",
                "code-input": "/login/components/code-inputb73d28ca/index",
                "fancy-input": "/login/components/fancy-input1781ade3/index"
            },
            "root": "sub_login"
        },
        "login/pages/login/old-phone": {
            "usingComponents": {
                "fancy-input": "/login/components/fancy-input1781ade3/index",
                "cbutton": "/login/components/color-button17e7d90d/index"
            },
            "root": "sub_login"
        },
        "login/pages/login/phone-prompt": {
            "usingComponents": {
                "protocol-check": "/login/components/protocol-check1e67a878/index",
                "cbutton": "/login/components/color-button17e7d90d/index",
                "hold-tip": "/login/components/hold-tip48261984/index",
                "dialog": "/login/components/dialog8a79ca0e/index"
            },
            "root": "sub_login"
        },
        "transfer/pages/index/index": {
            "usingComponents": {
                "manual": "/transfer/components/manuald4d3fd16/index",
                "manual-new": "/transfer/components/manual-newad331170/index"
            },
            "root": "sub_transfer"
        },
        "cashier-page/pages/index": {
            "enablePullDownRefresh": false,
            "navigationStyle": "custom",
            "usingComponents": {
                "pay": "/cashier-ui/components/indexefbbd35e/index",
                "comp-placeholder": "/cashier-page/components/placeholder2852b072/index",
                "nav": "/cashier-page/components/nav1f3ee39e/index"
            },
            "componentPlaceholder": {
                "pay": "comp-placeholder"
            },
            "root": "sub_cashier-page"
        },
        "cashier-page/pages/pre-pay": {
            "enablePullDownRefresh": false,
            "navigationStyle": "custom",
            "transparentTitle": "auto",
            "usingComponents": {
                "retain": "/cashier-page/components/retain6cf341b6/index",
                "nav": "/cashier-page/components/nav1f3ee39e/index"
            },
            "root": "sub_cashier-page"
        },
        "cashier-page/pages/order-middle": {
            "navigationStyle": "custom",
            "usingComponents": {
                "nav": "/cashier-page/components/nav1f3ee39e/index"
            },
            "root": "sub_cashier-page"
        },
        "cashier-ui/pages/cashier-webview/index": {
            "usingComponents": {},
            "navigationBarTitleText": "",
            "backgroundTextStyle": "dark",
            "backgroundColor": "#E2E2E2",
            "root": "sub_cashier-ui"
        },
        "safety-center/pages/report_page/index": {
            "usingComponents": {
                "report-buttons": "/safety-center/components/reportButtons5396229f/index",
                "network-error": "/safety-center/components/network-error0bab0d0a/index"
            },
            "disableScroll": true,
            "root": "sub_safety-center"
        },
        "safety-center/pages/column_page/index": {
            "usingComponents": {
                "scrollNav": "/safety-center/components/index1c9ee6ed/index"
            },
            "root": "sub_safety-center"
        },
        "safety-center/pages/index_page/index": {
            "usingComponents": {
                "safeCenterV4": "/safety-center/components/index8eeb9106/index"
            },
            "disableScroll": false,
            "navigationStyle": "custom",
            "transparentTitle": "always",
            "titlePenetrate": "YES",
            "allowsBounceVertical": "NO",
            "root": "sub_safety-center"
        },
        "safety-center/pages/tool_page/index": {
            "usingComponents": {
                "toolv4": "/safety-center/components/index5c7c1bf3/index"
            },
            "root": "sub_safety-center"
        },
        "safety-center/pages/contact_page/index": {
            "usingComponents": {
                "contact-modal": "/safety-center/components/contact610e2538/index"
            },
            "componentPlaceholder": {},
            "disableScroll": true,
            "root": "sub_safety-center"
        },
        "webx/transfer-station/index": {
            "component": true,
            "usingComponents": {
                "manual": "/webx/components/manualf63b756a/index",
                "manual-landing": "/webx/components/manual-landing95b72cd6/index",
                "manual-cover": "/webx/components/manual-coverfa3e1616/index",
                "automatic": "/webx/components/automatic1ae07818/index",
                "share": "/webx/components/share1c38b8a8/index",
                "user-info": "/webx/components/user-infod61cae8e/index"
            },
            "root": "sub_webx"
        },
        "webx/webview/independent/index": {
            "usingComponents": {},
            "root": "sub_webx"
        },
        "webx/webview/normal-delta/index": {
            "usingComponents": {},
            "root": "sub_webx"
        },
        "webx/webview/normal-echo/index": {
            "usingComponents": {},
            "root": "sub_webx"
        },
        "webx/webview/normal-foxtrot/index": {
            "usingComponents": {},
            "root": "sub_webx"
        },
        "webx/webview/supreme-bravo/index": {
            "usingComponents": {},
            "root": "sub_webx"
        },
        "webx/webview/supreme-alfa/index": {
            "usingComponents": {},
            "root": "sub_webx"
        },
        "webx/entry/wyc": {
            "usingComponents": {
                "webview-component": "/components/index5b4a1e8e/index"
            },
            "root": "sub_webx"
        },
        "webx/entry/block-prevention": {
            "usingComponents": {
                "webview-component": "/components/index5b4a1e8e/index"
            },
            "root": "sub_webx"
        },
        "webx/entry/ut": {
            "usingComponents": {
                "webview-component": "/components/index5b4a1e8e/index"
            },
            "root": "sub_webx"
        },
        "webx/entry/game": {
            "usingComponents": {
                "webview-component": "/components/index5b4a1e8e/index"
            },
            "root": "sub_webx"
        },
        "webx/entry/others": {
            "usingComponents": {
                "webview-component": "/components/index5b4a1e8e/index"
            },
            "root": "sub_webx"
        },
        "webx-mp-next/transfer-station/index": {
            "component": true,
            "usingComponents": {
                "manual": "/webx-mp-next/components/manualf63b756a/index",
                "manual-landing": "/webx-mp-next/components/manual-landing95b72cd6/index",
                "manual-cover": "/webx-mp-next/components/manual-coverfa3e1616/index",
                "automatic": "/webx-mp-next/components/automatic1ae07818/index",
                "share": "/webx-mp-next/components/share1c38b8a8/index"
            },
            "root": "sub_webx-mp-next"
        },
        "webx-mp-next/webview/normal-delta/index": {
            "usingComponents": {},
            "root": "sub_webx-mp-next"
        },
        "webx-mp-next/webview/independent/index": {
            "usingComponents": {},
            "root": "sub_webx-mp-next"
        },
        "webx-mp-next/webview/normal-echo/index": {
            "usingComponents": {},
            "root": "sub_webx-mp-next"
        },
        "webx-mp-next/webview/normal-foxtrot/index": {
            "usingComponents": {},
            "root": "sub_webx-mp-next"
        },
        "webx-mp-next/webview/supreme-bravo/index": {
            "usingComponents": {},
            "root": "sub_webx-mp-next"
        },
        "webx-mp-next/webview/supreme-alfa/index": {
            "usingComponents": {},
            "root": "sub_webx-mp-next"
        },
        "freight-life/pages/index": {
            "navigationBarTitleText": "滴滴送货",
            "backgroundColor": "#F3F4F5",
            "navigationStyle": "custom",
            "usingComponents": {
                "life-home": "/freight-life/components/life-homee94c9560/index",
                "life-skeleton": "/freight-life/components/life-skeleton60026cbe/index"
            },
            "componentPlaceholder": {},
            "root": "sub_freight-life"
        },
        "freight-life/pages/all-round-guide/index": {
            "navigationBarTitleText": "生活服务",
            "backgroundColor": "#F3F4F5",
            "navigationStyle": "custom",
            "usingComponents": {
                "all-round-wrapper": "/freight-life/components/all-round-wrapper12c992cd/index"
            },
            "componentPlaceholder": {},
            "root": "sub_freight-life"
        },
        "freight-life/pages/line-up-guide/index": {
            "navigationBarTitleText": "帮排队",
            "backgroundColor": "#F3F4F5",
            "navigationStyle": "custom",
            "usingComponents": {
                "line-up-wrapper": "/freight-life/components/line-up-wrapper26c7f531/index"
            },
            "componentPlaceholder": {},
            "root": "sub_freight-life"
        },
        "freight-life/pages/life-estimate/index": {
            "component": true,
            "navigationBarTitleText": "万能帮帮",
            "backgroundColor": "#F3F4F5",
            "navigationStyle": "custom",
            "usingComponents": {
                "life-estimate-wrapper": "/freight-life/components/life-estimate-wrapper9e3a0468/index"
            },
            "root": "sub_freight-life"
        },
        "freight-estimate/pages/express": {
            "navigationStyle": "custom",
            "usingComponents": {
                "express-estimate": "/freight-estimate/components/express-estimate-wrapper4d5f1255/index"
            },
            "navigationBarTitleText": "确认订单",
            "backgroundColor": "#F3F4F5",
            "disableScroll": true,
            "root": "sub_freight-estimate"
        },
        "freight-estimate/pages/remark-service": {
            "navigationBarTitleText": "订单备注",
            "backgroundColor": "#FFFFFF",
            "usingComponents": {
                "remark-service-module": "/freight-estimate/components/index735104fd/index"
            },
            "root": "sub_freight-estimate"
        },
        "freight-estimate/pages/index-v2": {
            "navigationStyle": "custom",
            "usingComponents": {
                "estimate": "/freight-estimate/components/estimate-v2-wrapper765435ea/index"
            },
            "navigationBarTitleText": "确认订单",
            "backgroundColor": "#F3F4F5",
            "root": "sub_freight-estimate"
        },
        "freight-estimate/pages/goods-info": {
            "navigationBarTitleText": "货物信息",
            "backgroundColor": "#FFFFFF",
            "usingComponents": {
                "goods-info-module": "/freight/src/components/index52c8d2ec/index"
            },
            "componentPlaceholder": {},
            "root": "sub_freight-estimate"
        },
        "freight-estimate/pages/extra-service": {
            "navigationBarTitleText": "搬运回执及安心宝",
            "backgroundColor": "#FFFFFF",
            "usingComponents": {
                "extra-service-module": "/freight-estimate/components/index2e9a5829/index"
            },
            "root": "sub_freight-estimate"
        },
        "freight-estimate/pages/index-v4": {
            "navigationStyle": "custom",
            "usingComponents": {
                "estimate-v4": "/freight-estimate/components/respect-estimate-wrapper278fb9bf/index"
            },
            "navigationBarTitleText": "确认订单",
            "backgroundColor": "#F3F4F5",
            "root": "sub_freight-estimate"
        },
        "freight-estimate/pages/express-pet": {
            "navigationStyle": "custom",
            "usingComponents": {
                "express-pet-estimate": "/freight-estimate/components/express-pet-estimate-wrapper1f489b7a/index"
            },
            "navigationBarTitleText": "确认订单",
            "backgroundColor": "#F3F4F5",
            "root": "sub_freight-estimate"
        },
        "freight-express/pages/index": {
            "usingComponents": {},
            "root": "sub_freight-express"
        },
        "freight-express-pet/pages/index": {
            "usingComponents": {},
            "root": "sub_freight-express-pet"
        },
        "freight-other/pages/index": {
            "navigationBarTitleText": "",
            "backgroundColor": "#FFFFFF",
            "usingComponents": {
                "commercial-tenant": "/freight-other/components/index8cc6c096/index"
            },
            "root": "sub_freight-other"
        },
        "freight-address/pages/address-suggest/index": {
            "usingComponents": {
                "address-suggest": "/freight-address/components/address-suggeste48e3cd2/index"
            },
            "navigationBarTitleText": "",
            "backgroundColor": "#F3F4F5",
            "disableScroll": true,
            "root": "sub_freight-address"
        },
        "freight-address/pages/build-address-v2/index": {
            "usingComponents": {
                "build-address-v2": "/freight-address/components/build-address4b44a918/index"
            },
            "navigationBarTitleText": "",
            "navigationBarBackgroundColor": "#F4F5F6",
            "backgroundColor": "#F4F5F6",
            "disableScroll": true,
            "root": "sub_freight-address"
        },
        "freight-address/pages/address-book/index": {
            "usingComponents": {
                "address-book": "/freight-address/components/address-book316f05ff/index"
            },
            "navigationBarTitleText": "地址簿",
            "backgroundColor": "#F3F4F5",
            "root": "sub_freight-address"
        },
        "freight-address/pages/address-book-form/index": {
            "usingComponents": {
                "address-book-form": "/freight-address/components/address-book-formf18e2e42/index"
            },
            "navigationBarTitleText": "",
            "backgroundColor": "#F3F4F5",
            "disableScroll": true,
            "root": "sub_freight-address"
        },
        "freight-address/pages/address-drag/index": {
            "usingComponents": {
                "address-drag": "/freight-address/components/address-drag064667df/index"
            },
            "navigationBarTitleText": "",
            "backgroundColor": "#F3F4F5",
            "disableScroll": true,
            "root": "sub_freight-address"
        },
        "freight-address/pages/history-address/index": {
            "usingComponents": {
                "history-address": "/freight-address/components/history-address0f965bb7/index"
            },
            "navigationBarTitleText": "搜索历史地址",
            "navigationBarTextStyle": "black",
            "backgroundColor": "#F4F5F6",
            "disableScroll": true,
            "root": "sub_freight-address"
        },
        "freight-address/pages/city-selector/index": {
            "usingComponents": {
                "city-selector": "/freight-address/components/city-selector044ed17a/index"
            },
            "navigationBarTitleText": "选择城市",
            "navigationBarTextStyle": "black",
            "backgroundColor": "#F4F5F6",
            "disableScroll": true,
            "root": "sub_freight-address"
        },
        "freight-address/pages/address-error-report/index": {
            "usingComponents": {
                "address-error-report": "/freight-address/components/address-error-report3721f602/index"
            },
            "navigationBarTitleText": "",
            "backgroundColor": "#F3F4F5",
            "disableScroll": true,
            "root": "sub_freight-address"
        },
        "freight-address/pages/freight-consignor-code-create/index": {
            "usingComponents": {
                "consignor-code-create": "/freight-address/components/index-wrapper251b13c0/index"
            },
            "navigationBarTitleText": "创建我的发货码",
            "navigationBarTextStyle": "black",
            "backgroundColor": "#F3F4F5",
            "root": "sub_freight-address"
        },
        "mfe-fizzy/pages/main/webview": {
            "usingComponents": {},
            "root": "sub_mfe-fizzy"
        }
    }
}