{
    "app": {
        "pages": [
            "pages/index",
            "pages/scroll-view/index",
            "pages/input/index",
            "pages/image/index",
            "pages/icon/index",
            "pages/button/index",
            "pages/switch/index",
            "pages/radio/index",
            "pages/checkbox/index",
            "pages/slider/index",
            "pages/form/index",
            "pages/textarea/index",
            "pages/progress/index",
            "pages/navigator/index/index",
            "pages/navigator/navigate/navigate",
            "pages/navigator/redirect/redirect",
            "pages/cover-view/index",
            "pages/movable-view/index",
            "pages/picker/index",
            "pages/picker-view/index",
            "pages/swiper/index",
            "pages/rich-text/index",
            "pages/custom-component/index",
            "pages/events/index",
            "pages/mark/index",
            "pages/intersection-observer/index",
            "pages/api/index",
            "pages/project-mixed/pages/home/index",
            "pages/project-mixed/pages/detail/index",
            "pages/package/index",
            "pages/data-observer/index",
            "pages/behaviors/index",
            "pages/animation/index",
            "pages/custom-class/index"
        ],
        "subPackages": [
            {
                "root": "subPackageA",
                "pages": [
                    "pages/index"
                ]
            },
            {
                "root": "subPackageB",
                "pages": []
            },
            {
                "root": "commonPackage",
                "pages": []
            }
        ],
        "window": {
            "backgroundTextStyle": "light",
            "navigationBarBackgroundColor": "#fff",
            "navigationBarTitleText": "WeChat",
            "navigationBarTextStyle": "black"
        },
        "permission": {
            "scope.userLocation": {
                "desc": "你的位置信息将用于小程序位置接口的效果展示"
            }
        },
        "requiredPrivateInfos": [
            "onLocationChange",
            "startLocationUpdate",
            "chooseLocation",
            "getLocation"
        ]
    },
    "modules": {
        "pages/image/index": {
            "componentFramework": "glass-easel"
        },
        "pages/button/index": {
            "componentFramework": "glass-easel"
        },
        "pages/custom-component/index": {
            "usingComponents": {
                "navigation-bar": "/pages/custom-component/components/navigation-bar/navigation-bar"
            },
            "window": {
                "navigationBarTextStyle": "black",
                "navigationStyle": "custom"
            }
        },
        "pages/events/index": {
            "usingComponents": {
                "my-component": "/pages/events/components/component-tag-name",
                "another-component": "/pages/events/components/custom-another-component"
            }
        },
        "pages/mark/index": {
            "usingComponents": {
                "custom-comp": "/pages/mark/custom-comp"
            }
        },
        "pages/intersection-observer/index": {
            "navigationBarTitleText": "WXML节点布局相交状态"
        },
        "pages/project-mixed/pages/home/index": {
            "navigationBarBackgroundColor": "#ddd",
            "navigationBarTextStyle": "black",
            "navigationBarTitleText": "首页",
            "backgroundColor": "#fff",
            "usingComponents": {}
        },
        "pages/project-mixed/pages/detail/index": {
            "navigationBarBackgroundColor": "#5bc0a5",
            "navigationBarTextStyle": "white",
            "navigationBarTitleText": "详情页",
            "backgroundColor": "#fff",
            "usingComponents": {}
        },
        "pages/package/index": {
            "usingComponents": {}
        },
        "pages/data-observer/index": {
            "usingComponents": {}
        },
        "pages/behaviors/index": {
            "usingComponents": {
                "my-component": "/pages/behaviors/components/my-component"
            }
        },
        "pages/animation/index": {
            "navigationBarTitleText": "动画"
        },
        "pages/custom-class/index": {
            "usingComponents": {
                "my-component": "/pages/custom-class/components/custom-component"
            }
        },
        "subPackageA/pages/index": {
            "usingComponents": {
                "my-button": "/commonPackage/components/button",
                "list": "/subPackageB/components/full-list",
                "simple-list": "/subPackageA/components/simple-list"
            },
            "componentPlaceholder": {
                "my-button": "view",
                "list": "simple-list"
            },
            "root": "sub_subPackageA"
        }
    }
}